"pitches","player_id","player_name","total_pitches","pitch_percent","ba","iso","babip","slg","hits","abs","exit_velocity","launch_angle","spin_rate","velocity","effective_speed","whiffs","swings","takes","eff_min_vel","extension"
"381","443558","Nelson Cruz","2732","13.95","0.416","0.397","0.340","0.813","156","375","95.9","11.5","2206","89.01","88.50","0","381","null","-0.5","6.03"
"248","519317","Giancarlo Stanton","1892","13.11","0.394","0.411","0.317","0.805","97","246","95.1","12.0","2154","88.15","87.60","0","248","null","-0.6","6.06"
"99","542979","Keon Broxton","1067","9.28","0.434","0.394","0.378","0.828","43","99","95.0","13.9","2124","88.83","88.89","0","99","null","0.1","6.30"
"266","407812","Matt Holliday","1563","17.02","0.336","0.309","0.280","0.645","89","265","94.7","9.2","2205","88.81","88.50","0","266","null","-0.3","6.05"
"437","408234","Miguel Cabrera","2517","17.36","0.418","0.337","0.358","0.755","181","433","94.5","13.6","2171","88.63","88.32","0","437","null","-0.3","6.09"
"208","476883","Pedro Alvarez","1552","13.40","0.388","0.413","0.312","0.801","80","206","94.2","13.3","2129","88.21","87.73","0","208","null","-0.5","6.05"
"393","120074","David Ortiz","2472","15.90","0.402","0.407","0.331","0.808","155","386","94.2","15.5","2205","89.45","88.81","0","393","null","-0.7","5.99"
"128","596142","Gary Sanchez","941","13.60","0.460","0.571","0.352","1.032","58","126","94.1","6.0","2182","87.64","87.14","0","128","null","-0.5","5.86"
"176","452095","Tyler Flowers","1316","13.37","0.436","0.238","0.399","0.674","75","172","94.0","11.2","2186","88.61","88.09","0","176","null","-0.5","6.04"
"395","434778","Kendrys Morales","2468","16.00","0.372","0.292","0.315","0.664","145","390","93.9","12.3","2139","87.85","87.61","0","395","null","-0.2","6.05"
"386","444432","Mark Trumbo","2623","14.72","0.379","0.431","0.295","0.810","146","385","93.9","16.3","2195","88.79","88.20","0","386","null","-0.6","6.00"
"140","570267","Domingo Santana","1182","11.84","0.439","0.331","0.388","0.770","61","139","93.8","9.5","2131","88.95","88.52","0","140","null","-0.4","6.06"
"289","475582","Ryan Zimmerman","1829","15.80","0.306","0.222","0.263","0.528","87","284","93.7","9.6","2182","88.83","88.41","0","289","null","-0.4","6.02"
"101","430001","Rickie Weeks Jr.","834","12.11","0.400","0.350","0.344","0.750","40","100","93.4","12.9","2211","90.00","89.54","0","101","null","-0.5","5.98"
"398","543333","Eric Hosmer","2563","15.53","0.383","0.239","0.341","0.622","151","394","93.4","6.5","2205","88.40","88.05","0","398","null","-0.3","6.02"
"81","502054","Tommy Pham","766","10.57","0.432","0.420","0.361","0.852","35","81","93.4","8.0","2147","90.02","90.03","0","81","null","0.0","6.04"
"401","592885","Christian Yelich","2715","14.77","0.412","0.268","0.374","0.679","163","396","93.3","2.6","2157","88.84","88.31","0","401","null","-0.5","6.06"
"236","593934","Miguel Sano","2106","11.21","0.412","0.395","0.343","0.807","96","233","93.2","17.1","2235","89.16","88.70","0","236","null","-0.5","6.07"
"245","592626","Joc Pederson","1999","12.26","0.395","0.416","0.323","0.811","96","243","93.2","15.5","2193","89.41","88.89","0","245","null","-0.5","6.00"
"408","518626","Josh Donaldson","2952","13.82","0.385","0.363","0.324","0.748","156","405","93.1","12.9","2190","88.59","88.10","0","408","null","-0.5","6.06"
"148","429711","Franklin Gutierrez","1250","11.84","0.386","0.303","0.324","0.690","56","145","92.9","11.7","2152","89.01","88.55","0","148","null","-0.4","6.03"
"357","501981","Khris Davis","2331","15.32","0.374","0.436","0.286","0.810","132","353","92.7","14.1","2206","87.57","87.35","0","357","null","-0.2","6.12"
"342","493316","Yoenis Cespedes","2193","15.60","0.392","0.353","0.325","0.745","132","337","92.7","14.4","2202","89.95","89.63","0","342","null","-0.3","6.12"
"315","474892","Chris Carter","2744","11.48","0.377","0.469","0.278","0.846","115","305","92.6","18.8","2145","88.65","88.33","0","315","null","-0.4","6.11"
"122","425783","Shin-Soo Choo","848","14.39","0.344","0.230","0.304","0.574","42","122","92.6","11.1","2170","89.10","88.88","0","122","null","-0.2","6.11"
"283","430832","Jose Bautista","2195","12.89","0.337","0.305","0.281","0.642","94","279","92.6","11.3","2208","89.26","88.81","0","283","null","-0.5","6.05"
"199","571506","Justin Bour","1281","15.53","0.357","0.296","0.299","0.653","70","196","92.6","9.6","2100","89.03","88.35","0","199","null","-0.7","6.03"
"238","518735","Yasmani Grandal","1971","12.08","0.354","0.397","0.274","0.751","84","237","92.5","12.8","2138","89.39","88.97","0","238","null","-0.4","6.05"
"207","429667","Ryan Howard","1372","15.09","0.319","0.417","0.220","0.735","65","204","92.5","17.2","2161","89.59","89.21","0","207","null","-0.4","6.14"
"428","518934","DJ LeMahieu","2580","16.59","0.428","0.189","0.408","0.617","181","423","92.5","6.3","2225","88.58","88.40","0","428","null","-0.2","6.03"
"453","405395","Albert Pujols","2516","18.00","0.336","0.226","0.287","0.562","150","447","92.5","12.2","2181","88.96","88.53","0","453","null","-0.5","6.01"
"311","571875","Jake Lamb","2416","12.87","0.391","0.414","0.330","0.805","120","307","92.4","12.7","2155","88.77","88.50","0","311","null","-0.3","6.07"
"364","502671","Paul Goldschmidt","3012","12.08","0.461","0.301","0.413","0.761","164","356","92.4","12.4","2224","89.46","89.11","0","364","null","-0.4","6.03"
"345","150029","Jayson Werth","2785","12.39","0.351","0.257","0.305","0.608","119","339","92.3","14.0","2178","89.33","88.92","0","345","null","-0.4","6.05"
"273","545341","Randal Grichuk","1843","14.81","0.386","0.390","0.325","0.776","105","272","92.3","15.6","2128","87.78","87.48","0","273","null","-0.3","6.07"
"353","457708","Justin Upton","2612","13.51","0.390","0.350","0.329","0.741","137","351","92.3","16.1","2198","89.27","89.02","0","353","null","-0.3","6.13"
"278","452252","Adam Lind","1612","17.25","0.348","0.279","0.295","0.627","96","276","92.2","11.6","2154","87.55","86.95","0","278","null","-0.6","5.97"
"171","475253","Justin Smoak","1374","12.45","0.368","0.304","0.312","0.673","63","171","92.2","17.7","2115","87.83","87.31","0","171","null","-0.5","6.07"
"246","519237","Cameron Rupp","1583","15.54","0.380","0.294","0.338","0.673","93","245","92.2","10.3","2202","88.56","88.29","0","246","null","-0.3","6.12"
"77","519058","Mike Moustakas","467","16.49","0.299","0.351","0.229","0.649","23","77","92.1","14.0","2215","87.89","87.62","0","77","null","-0.3","6.11"
"397","543685","Anthony Rendon","2604","15.25","0.366","0.253","0.326","0.619","143","391","92.0","16.8","2174","88.97","88.54","0","397","null","-0.5","6.04"
"313","448801","Chris Davis","2755","11.36","0.387","0.432","0.298","0.819","120","310","92.0","18.2","2157","88.13","87.43","0","313","null","-0.7","5.94"
"255","452254","Hunter Pence","1805","14.13","0.405","0.242","0.370","0.647","102","252","91.9","5.4","2201","88.76","88.63","0","255","null","-0.2","6.18"
"86","488671","Alex Avila","948","9.07","0.424","0.318","0.367","0.741","36","85","91.9","7.5","2249","90.59","90.03","0","86","null","-0.6","6.06"
"314","502110","J.D. Martinez","2036","15.42","0.442","0.332","0.394","0.774","137","310","91.9","13.8","2197","88.81","88.51","0","314","null","-0.3","6.12"
"393","621043","Carlos Correa","2647","14.85","0.382","0.246","0.348","0.628","149","390","91.8","6.5","2186","88.17","87.85","0","393","null","-0.3","6.07"
"368","545361","Mike Trout","3014","12.21","0.449","0.339","0.397","0.788","163","363","91.7","14.8","2179","87.95","87.40","0","368","null","-0.6","5.97"
"339","543543","Brad Miller","2324","14.59","0.368","0.386","0.304","0.754","124","337","91.7","12.8","2170","87.98","87.43","0","339","null","-0.6","6.03"
"385","518692","Freddie Freeman","2779","13.85","0.446","0.391","0.389","0.837","170","381","91.7","17.3","2167","89.40","88.86","0","385","null","-0.5","6.01"
"354","467092","Wilson Ramos","1868","18.95","0.394","0.251","0.351","0.646","138","350","91.7","5.6","2185","88.49","88.10","0","354","null","-0.4","6.04"
"87","573627","Kennys Vargas","768","11.33","0.407","0.477","0.325","0.884","35","86","91.6","14.7","2135","88.97","88.77","0","87","null","-0.2","6.21"
"447","446334","Evan Longoria","2523","17.72","0.380","0.350","0.320","0.730","167","440","91.6","17.0","2220","89.15","88.70","0","447","null","-0.5","6.07"
"214","547957","Hyun Soo Kim","1392","15.37","0.390","0.160","0.370","0.549","83","213","91.6","10.2","2211","88.04","87.42","0","214","null","-0.6","5.95"
"126","430605","Ryan Raburn","1057","11.92","0.382","0.333","0.325","0.715","47","123","91.6","8.4","2217","90.05","89.90","0","126","null","-0.1","6.07"
"224","624577","Yasiel Puig","1291","17.35","0.371","0.231","0.333","0.602","82","221","91.6","9.9","2194","88.92","88.45","0","224","null","-0.5","5.98"
"442","467793","Carlos Santana","2781","15.89","0.339","0.311","0.281","0.650","148","437","91.6","12.8","2180","89.92","89.64","0","442","null","-0.3","6.10"
"221","596115","Trevor Story","1774","12.46","0.436","0.500","0.356","0.936","96","220","91.5","16.2","2214","87.99","87.78","0","221","null","-0.2","5.99"
"423","429665","Edwin Encarnacion","2898","14.60","0.358","0.353","0.288","0.712","149","416","91.5","13.5","2251","89.56","89.17","0","423","null","-0.4","6.11"
"233","489149","Logan Morrison","1523","15.30","0.338","0.264","0.292","0.602","78","231","91.5","11.7","2168","87.93","87.46","0","233","null","-0.4","6.04"
"264","501896","David Freese","2062","12.80","0.405","0.216","0.377","0.621","107","264","91.5","2.7","2169","89.38","89.20","0","264","null","-0.2","6.11"
"414","435622","Ian Desmond","2572","16.10","0.404","0.243","0.367","0.647","166","411","91.5","4.8","2132","87.41","87.09","0","414","null","-0.3","6.07"
"453","608369","Corey Seager","2512","18.03","0.408","0.275","0.370","0.683","184","451","91.5","11.4","2178","88.82","88.45","0","453","null","-0.3","6.03"
"187","571980","Tyler Naquin","1516","12.34","0.492","0.368","0.445","0.859","91","185","91.5","11.1","2149","87.14","86.79","0","187","null","-0.3","6.03"
"401","542303","Marcell Ozuna","2225","18.02","0.365","0.262","0.323","0.627","145","397","91.5","10.0","2180","89.60","89.10","0","401","null","-0.5","6.07"
"146","607387","Ryan Rua","1022","14.29","0.417","0.236","0.377","0.653","60","144","91.5","9.6","2092","88.27","88.17","0","146","null","-0.1","6.18"
"147","572114","Ryan Schimpf","1458","10.08","0.407","0.579","0.313","0.986","59","145","91.5","27.7","2157","88.99","88.65","0","147","null","-0.3","6.14"
"453","455976","Nick Markakis","2626","17.25","0.348","0.171","0.323","0.519","155","445","91.4","10.5","2200","89.37","88.87","0","453","null","-0.5","6.03"
"342","630111","Yasmany Tomas","1972","17.34","0.390","0.364","0.328","0.754","133","341","91.3","13.2","2215","88.39","87.97","0","342","null","-0.4","5.97"
"309","519048","Mitch Moreland","1971","15.68","0.333","0.278","0.282","0.612","103","309","91.3","13.9","2114","88.16","87.90","0","309","null","-0.3","6.11"
"344","460075","Ryan Braun","2105","16.34","0.425","0.343","0.366","0.768","145","341","91.3","7.0","2141","88.60","88.38","0","344","null","-0.2","6.15"
"368","434670","Hanley Ramirez","2416","15.23","0.390","0.302","0.337","0.692","142","364","91.3","8.4","2199","89.28","88.87","0","368","null","-0.4","6.05"
"439","502517","Daniel Murphy","2079","21.12","0.404","0.299","0.360","0.703","174","431","91.3","16.6","2168","88.61","88.13","0","439","null","-0.5","6.03"
"423","457763","Buster Posey","2297","18.42","0.353","0.173","0.328","0.526","147","416","91.2","11.9","2220","89.59","89.41","0","423","null","-0.2","6.16"
"347","598265","Jackie Bradley Jr.","2509","13.83","0.406","0.345","0.352","0.751","139","342","91.2","10.0","2166","87.75","87.22","0","347","null","-0.5","6.02"
"81","607385","Tyler Collins","597","13.57","0.363","0.250","0.325","0.613","29","80","91.2","19.9","2212","89.77","89.77","0","81","null","0.0","6.25"
"99","543484","Mikie Mahtook","784","12.63","0.357","0.184","0.333","0.541","35","98","91.2","17.5","2235","89.35","88.78","0","99","null","-0.5","6.01"
"459","592518","Manny Machado","2566","17.89","0.391","0.321","0.336","0.712","178","455","91.2","13.9","2206","88.73","88.19","0","459","null","-0.5","6.01"
"279","457787","Danny Espinosa","2314","12.06","0.339","0.307","0.275","0.646","93","274","91.1","14.0","2131","89.56","89.18","0","279","null","-0.4","6.07"
"169","446481","Sean Rodriguez","1335","12.66","0.437","0.407","0.368","0.844","73","167","91.1","12.9","2200","88.32","88.09","0","169","null","-0.2","6.06"
"403","471865","Carlos Gonzalez","2332","17.28","0.408","0.294","0.369","0.701","164","402","91.1","8.2","2179","88.70","88.56","0","403","null","-0.1","6.05"
"169","543590","Kirk Nieuwenhuis","1656","10.21","0.355","0.337","0.301","0.692","60","169","91.1","11.5","2123","89.36","89.10","0","169","null","-0.3","6.15"
"96","517370","Jimmy Paredes","632","15.19","0.347","0.232","0.308","0.579","33","95","91.0","7.3","2111","88.94","88.52","0","96","null","-0.4","6.08"
"136","624585","Jorge Soler","1068","12.73","0.383","0.338","0.315","0.722","51","133","91.0","19.1","2214","88.56","88.20","0","136","null","-0.4","6.09"
"300","429666","J.J. Hardy","1803","16.64","0.354","0.187","0.326","0.541","104","294","91.0","12.7","2179","89.15","88.56","0","300","null","-0.6","5.98"
"139","408047","Justin Morneau","843","16.49","0.380","0.248","0.346","0.628","52","137","91.0","8.1","2080","89.35","89.09","0","139","null","-0.3","6.08"
"261","541645","Avisail Garcia","1718","15.19","0.371","0.220","0.337","0.591","96","259","91.0","5.9","2236","88.48","88.08","0","261","null","-0.4","6.06"
"230","461858","Trevor Plouffe","1304","17.64","0.344","0.211","0.306","0.555","78","227","91.0","10.8","2214","88.91","88.36","0","230","null","-0.5","5.98"
"421","457759","Justin Turner","2466","17.07","0.362","0.292","0.312","0.655","150","414","91.0","17.8","2215","88.80","88.30","0","421","null","-0.5","6.00"
"334","572761","Matt Carpenter","2385","14.00","0.379","0.336","0.333","0.715","125","330","90.9","18.2","2162","89.84","89.69","0","334","null","-0.1","6.14"
"453","572122","Kyle Seager","2584","17.53","0.355","0.293","0.307","0.647","160","451","90.9","15.9","2155","88.89","88.42","0","453","null","-0.5","6.04"
"198","460026","Nick Hundley","1193","16.60","0.355","0.259","0.319","0.614","70","197","90.9","10.6","2150","88.82","88.76","0","198","null","0.0","6.02"
"216","571830","Tommy Joseph","1322","16.34","0.381","0.371","0.303","0.752","80","210","90.9","16.6","2149","88.97","88.82","0","216","null","-0.2","6.19"
"206","628356","Jung Ho Kang","1523","13.53","0.353","0.373","0.280","0.725","72","204","90.9","11.5","2224","89.09","89.08","0","206","null","0.0","6.19"
"352","435062","Howie Kendrick","2069","17.01","0.344","0.155","0.326","0.499","120","349","90.9","3.5","2177","89.24","88.92","0","352","null","-0.3","6.04"
"149","453400","Chris Johnson","1080","13.80","0.349","0.168","0.326","0.517","52","149","90.9","10.6","2178","89.03","88.42","0","149","null","-0.6","6.01"
"345","542340","Jonathan Villar","2831","12.19","0.434","0.284","0.396","0.718","148","341","90.9","5.5","2104","88.46","88.13","0","345","null","-0.4","6.09"
"195","624424","Michael Conforto","1410","13.83","0.323","0.281","0.277","0.604","62","192","90.9","14.8","2161","90.03","89.63","0","195","null","-0.4","6.07"
"506","429664","Robinson Cano","2545","19.88","0.373","0.295","0.318","0.669","187","501","90.8","11.8","2167","88.00","87.49","0","506","null","-0.5","5.97"
"88","572287","Mike Zunino","810","10.86","0.379","0.494","0.276","0.874","33","87","90.8","21.6","2185","88.18","87.77","0","88","null","-0.4","6.05"
"423","400121","Victor Martinez","2315","18.27","0.375","0.236","0.331","0.611","157","419","90.8","14.5","2140","89.29","89.01","0","423","null","-0.3","6.16"
"305","459431","Michael Saunders","2383","12.80","0.394","0.354","0.340","0.748","119","302","90.8","10.6","2146","89.22","88.67","0","305","null","-0.5","6.06"
"466","134181","Adrian Beltre","2443","19.07","0.363","0.272","0.315","0.635","168","463","90.8","13.5","2179","88.74","88.38","0","466","null","-0.3","6.07"
"355","570256","Gregory Polanco","2402","14.78","0.360","0.291","0.317","0.651","126","350","90.7","12.9","2165","88.48","88.29","0","355","null","-0.2","6.13"
"344","523253","Logan Forsythe","2352","14.63","0.374","0.260","0.335","0.635","128","342","90.7","14.1","2194","89.13","88.70","0","344","null","-0.4","6.08"
"362","453064","Troy Tulowitzki","2100","17.24","0.349","0.260","0.299","0.609","125","358","90.7","13.3","2187","89.02","88.56","0","362","null","-0.4","6.09"
"416","136860","Carlos Beltran","2188","19.01","0.379","0.286","0.328","0.665","156","412","90.7","10.8","2137","88.26","87.92","0","416","null","-0.4","6.11"
"324","502143","Danny Valencia","2020","16.04","0.398","0.233","0.362","0.630","128","322","90.7","8.8","2188","88.57","88.40","0","324","null","-0.2","6.12"
"171","594988","Scott Schebler","1041","16.43","0.380","0.251","0.346","0.632","65","171","90.7","5.7","2083","88.64","88.15","0","171","null","-0.4","6.02"
"143","121347","Alex Rodriguez","915","15.63","0.321","0.243","0.269","0.564","45","140","90.7","8.6","2215","89.86","89.47","0","143","null","-0.4","6.13"
"299","449181","Paulo Orlando","1668","17.93","0.432","0.155","0.418","0.588","128","296","90.7","9.2","2177","89.08","88.86","0","299","null","-0.2","6.05"
"522","605141","Mookie Betts","2709","19.27","0.390","0.272","0.348","0.662","201","515","90.6","11.3","2212","89.12","88.63","0","522","null","-0.5","6.03"
"199","456714","Billy Butler","1057","18.83","0.362","0.168","0.340","0.531","71","196","90.6","7.9","2209","88.26","87.87","0","199","null","-0.4","6.05"
"326","435063","Mike Napoli","2950","11.05","0.402","0.389","0.325","0.791","129","321","90.6","16.1","2190","88.66","88.35","0","326","null","-0.4","6.06"
"195","571431","Matt Adams","1337","14.58","0.365","0.323","0.306","0.688","70","192","90.6","18.6","2144","89.29","89.13","0","195","null","-0.2","6.15"
"86","543302","Chris Herrmann","678","12.68","0.412","0.365","0.363","0.776","35","85","90.6","14.8","2150","90.54","90.34","0","86","null","-0.2","6.08"
"418","596059","Rougned Odor","2177","19.20","0.365","0.331","0.306","0.696","151","414","90.5","14.4","2128","87.11","86.80","0","418","null","-0.3","6.09"
"213","607208","Trea Turner","1232","17.29","0.450","0.327","0.410","0.777","95","211","90.5","11.2","2139","89.38","89.05","0","213","null","-0.3","6.08"
"80","605512","Preston Tucker","591","13.54","0.263","0.263","0.224","0.525","21","80","90.5","12.4","2169","86.60","86.27","0","80","null","-0.3","6.15"
"458","466320","Melky Cabrera","2374","19.29","0.366","0.196","0.344","0.563","166","453","90.4","12.1","2175","88.75","88.34","0","458","null","-0.5","6.03"
"401","456488","Eduardo Nunez","2124","18.88","0.357","0.203","0.325","0.559","141","395","90.4","8.1","2214","88.87","88.41","0","401","null","-0.5","6.03"
"425","594777","Kole Calhoun","2509","16.94","0.357","0.219","0.328","0.576","150","420","90.4","14.7","2173","88.44","87.98","0","425","null","-0.4","5.98"
"195","456665","Steve Pearce","1178","16.55","0.381","0.278","0.335","0.660","74","194","90.4","15.0","2187","90.05","89.66","0","195","null","-0.4","6.12"
"432","543401","Jason Kipnis","2758","15.66","0.379","0.271","0.339","0.649","161","425","90.3","14.3","2172","88.75","88.36","0","432","null","-0.4","6.05"
"464","571448","Nolan Arenado","2745","16.90","0.390","0.377","0.324","0.768","178","456","90.3","17.5","2212","88.65","88.46","0","464","null","-0.1","6.03"
"407","543807","George Springer","2938","13.85","0.401","0.308","0.354","0.709","163","406","90.3","8.9","2219","87.76","87.39","0","407","null","-0.4","6.06"
"119","489267","Adam Rosales","1036","11.49","0.405","0.491","0.321","0.897","47","116","90.3","13.0","2165","89.74","89.33","0","119","null","-0.4","6.11"
"101","452220","Stephen Drew","728","13.87","0.361","0.371","0.290","0.732","35","97","90.3","14.9","2187","90.57","90.24","0","101","null","-0.4","6.13"
"416","596748","Maikel Franco","2246","18.52","0.330","0.216","0.288","0.546","136","412","90.3","9.8","2176","89.07","88.81","0","416","null","-0.3","6.17"
"386","457705","Andrew McCutchen","2746","14.06","0.352","0.253","0.309","0.606","135","383","90.3","15.6","2200","89.56","89.40","0","386","null","-0.2","6.15"
"111","446263","Lucas Duda","688","16.13","0.312","0.257","0.260","0.569","34","109","90.2","14.5","2200","88.29","87.87","0","111","null","-0.4","6.00"
"156","621439","Byron Buxton","1308","11.93","0.392","0.366","0.347","0.758","60","153","90.2","14.3","2163","88.92","88.33","0","156","null","-0.6","6.01"
"109","444482","David Peralta","664","16.42","0.370","0.259","0.349","0.630","40","108","90.2","12.2","2138","89.32","89.07","0","109","null","-0.2","6.09"
"332","596144","Cheslor Cuthbert","2005","16.56","0.376","0.197","0.350","0.573","124","330","90.2","11.3","2198","88.95","88.76","0","332","null","-0.1","6.08"
"306","649557","Aledmys Diaz","1741","17.58","0.357","0.283","0.311","0.640","107","300","90.2","13.0","2179","89.85","89.58","0","306","null","-0.2","6.07"
"246","519306","Steven Souza Jr.","1835","13.41","0.410","0.270","0.365","0.680","100","244","90.2","12.9","2199","87.22","86.71","0","246","null","-0.5","6.03"
"116","542921","Tim Beckham","850","13.65","0.405","0.302","0.378","0.707","47","116","90.2","9.9","2144","88.87","88.51","0","116","null","-0.4","6.14"
"378","408045","Joe Mauer","2478","15.25","0.338","0.168","0.316","0.505","127","376","90.1","5.0","2192","88.37","87.77","0","378","null","-0.6","5.99"
"463","547989","Jose Abreu","2703","17.13","0.392","0.238","0.349","0.630","178","454","90.1","10.8","2217","88.78","88.44","0","463","null","-0.4","6.05"
"274","596146","Max Kepler","1742","15.73","0.322","0.259","0.275","0.581","87","270","90.1","8.7","2147","88.39","87.97","0","274","null","-0.4","6.05"
"81","621020","Dansby Swanson","599","13.52","0.481","0.228","0.449","0.709","38","79","90.1","9.3","2254","90.74","90.26","0","81","null","-0.4","6.11"
"207","543434","Brett Lawrie","1460","14.18","0.393","0.262","0.357","0.655","81","206","90.0","14.1","2211","88.29","87.92","0","207","null","-0.4","6.06"
"438","593428","Xander Bogaerts","2849","15.37","0.397","0.206","0.368","0.603","173","436","90.0","9.1","2210","90.22","89.74","0","438","null","-0.5","6.05"
"286","594828","Evan Gattis","1901","15.04","0.367","0.370","0.288","0.737","103","281","90.0","11.9","2167","87.95","87.66","0","286","null","-0.2","6.09"
"268","452234","Seth Smith","1857","14.43","0.345","0.239","0.298","0.583","91","264","90.0","7.6","2150","88.99","88.68","0","268","null","-0.3","6.04"
"96","547379","Roberto Perez","766","12.53","0.269","0.172","0.237","0.441","25","93","90.0","7.6","2207","90.22","90.03","0","96","null","-0.2","6.18"
"190","488771","Jason Castro","1518","12.52","0.353","0.289","0.313","0.642","67","190","89.9","11.7","2190","88.06","87.70","0","190","null","-0.4","6.08"
"416","458015","Joey Votto","2896","14.36","0.429","0.297","0.379","0.725","175","408","89.9","13.1","2124","89.70","89.33","0","416","null","-0.4","6.10"
"139","459964","Matt Joyce","1304","10.66","0.374","0.345","0.315","0.719","52","139","89.9","10.1","2155","89.97","89.81","0","139","null","-0.2","6.13"
"381","453943","Todd Frazier","2766","13.77","0.350","0.369","0.269","0.719","131","374","89.9","18.7","2244","88.21","87.77","0","381","null","-0.4","6.04"
"434","516416","Jean Segura","2696","16.10","0.403","0.255","0.372","0.657","174","432","89.9","11.5","2204","88.40","88.05","0","434","null","-0.3","6.02"
"284","543068","C.J. Cron","1652","17.19","0.376","0.254","0.335","0.631","105","279","89.9","10.7","2211","87.57","86.98","0","284","null","-0.6","5.92"
"96","537953","Daniel Nava","580","16.55","0.312","0.097","0.295","0.409","29","93","89.9","14.5","2211","87.33","86.94","0","96","null","-0.4","6.01"
"230","543305","Aaron Hicks","1381","16.65","0.291","0.172","0.261","0.463","66","227","89.9","10.2","2105","89.10","88.69","0","230","null","-0.4","6.04"
"390","450314","Ben Zobrist","2655","14.69","0.342","0.228","0.306","0.570","132","386","89.8","10.2","2138","89.98","89.74","0","390","null","-0.3","6.16"
"286","431145","Russell Martin","2284","12.52","0.365","0.270","0.312","0.635","103","282","89.8","9.4","2208","89.30","88.80","0","286","null","-0.5","6.07"
"421","519203","Anthony Rizzo","2656","15.85","0.388","0.344","0.334","0.732","162","418","89.8","16.6","2147","88.61","88.28","0","421","null","-0.3","6.11"
"381","611177","Adonis Garcia","1998","19.07","0.362","0.171","0.341","0.533","138","381","89.8","9.5","2188","89.33","88.80","0","381","null","-0.5","5.98"
"408","488862","Yunel Escobar","1951","20.91","0.369","0.106","0.357","0.475","149","404","89.8","1.9","2202","88.63","88.17","0","408","null","-0.4","5.96"
"179","518595","Travis d'Arnaud","1058","16.92","0.343","0.107","0.326","0.449","61","178","89.8","8.8","2180","89.05","88.76","0","179","null","-0.2","6.16"
"318","503556","Marwin Gonzalez","1916","16.60","0.347","0.227","0.318","0.574","110","317","89.8","7.5","2128","89.38","89.05","0","318","null","-0.3","6.08"
"334","572816","Corey Dickerson","2111","15.82","0.373","0.343","0.323","0.717","124","332","89.8","17.0","2153","86.96","86.56","0","334","null","-0.4","6.06"
"179","527043","Jefry Marte","1088","16.45","0.352","0.335","0.287","0.688","62","176","89.8","11.7","2205","89.97","89.48","0","179","null","-0.5","6.00"
"411","592178","Kris Bryant","2699","15.23","0.409","0.377","0.346","0.787","167","408","89.8","19.8","2196","89.59","89.28","0","411","null","-0.3","6.10"
"127","433217","Andres Blanco","786","16.16","0.365","0.230","0.341","0.595","46","126","89.7","6.6","2175","88.57","88.16","0","127","null","-0.4","6.10"
"307","592273","Brandon Drury","1946","15.78","0.389","0.248","0.353","0.637","118","303","89.7","10.8","2190","88.45","88.06","0","307","null","-0.4","6.00"
"186","543105","Alex Dickerson","1116","16.67","0.348","0.266","0.307","0.614","64","184","89.7","14.9","2152","88.52","88.19","0","186","null","-0.3","6.10"
"186","455104","Chris Iannetta","1403","13.26","0.310","0.179","0.279","0.489","57","184","89.7","13.7","2177","88.50","87.94","0","186","null","-0.6","6.00"
"139","457454","Jarrod Saltalamacchia","1171","11.87","0.313","0.321","0.236","0.634","42","134","89.6","21.3","2162","88.16","87.83","0","139","null","-0.4","6.09"
"297","543768","Travis Shaw","2131","13.94","0.383","0.292","0.345","0.675","113","295","89.6","15.9","2143","88.27","87.70","0","297","null","-0.6","6.00"
"351","592663","J.T. Realmuto","2142","16.39","0.402","0.175","0.381","0.578","140","348","89.6","7.3","2169","89.24","88.75","0","351","null","-0.5","6.09"
"357","521692","Salvador Perez","1875","19.04","0.346","0.273","0.301","0.620","123","355","89.6","16.9","2216","89.56","89.26","0","357","null","-0.3","6.04"
"375","452678","Asdrubal Cabrera","2082","18.01","0.373","0.268","0.330","0.641","139","373","89.6","14.1","2179","88.96","88.49","0","375","null","-0.5","6.09"
"262","456078","Welington Castillo","1862","14.07","0.403","0.252","0.363","0.655","104","258","89.6","14.1","2178","89.08","88.64","0","262","null","-0.5","6.01"
"76","571912","Luke Maile","484","15.70","0.329","0.197","0.301","0.526","25","76","89.6","11.9","2179","89.26","88.91","0","76","null","-0.4","6.10"
"373","543063","Brandon Crawford","2363","15.79","0.374","0.214","0.345","0.588","136","364","89.6","12.9","2181","88.95","88.75","0","373","null","-0.2","6.12"
"297","435263","Brian McCann","2013","14.75","0.349","0.247","0.300","0.597","103","295","89.6","18.1","2134","87.99","87.37","0","297","null","-0.6","5.97"
"290","592206","Nicholas Castellanos","1729","16.77","0.396","0.305","0.349","0.702","113","285","89.5","17.3","2222","87.64","87.21","0","290","null","-0.4","6.05"
"310","435522","Neil Walker","1838","16.87","0.368","0.261","0.314","0.629","113","307","89.5","17.1","2166","88.86","88.44","0","310","null","-0.5","6.11"
"443","430945","Adam Jones","2333","18.99","0.352","0.230","0.303","0.582","153","435","89.5","15.0","2196","88.38","87.82","0","443","null","-0.6","6.01"
"342","547180","Bryce Harper","2547","13.43","0.332","0.290","0.274","0.623","111","334","89.5","13.7","2160","89.09","88.74","0","342","null","-0.4","6.05"
"295","500208","Yangervis Solarte","1589","18.57","0.377","0.250","0.339","0.627","110","292","89.4","11.1","2119","88.49","88.10","0","295","null","-0.4","6.10"
"188","592387","Ryon Healy","1075","17.49","0.431","0.314","0.389","0.745","81","188","89.4","12.2","2211","88.80","88.63","0","188","null","-0.2","6.13"
"241","425902","Prince Fielder","1375","17.53","0.283","0.156","0.256","0.439","67","237","89.4","10.3","2168","88.57","88.21","0","241","null","-0.4","6.04"
"121","501659","Abraham Almonte","725","16.69","0.395","0.210","0.383","0.605","47","119","89.4","7.9","2174","89.39","89.37","0","121","null","0.0","6.20"
"102","493329","Yulieski Gurriel","438","23.29","0.327","0.149","0.303","0.475","33","101","89.4","8.9","2190","89.28","88.85","0","102","null","-0.5","6.03"
"435","594809","Adam Eaton","2664","16.33","0.356","0.199","0.334","0.556","154","432","89.4","6.3","2166","87.82","87.38","0","435","null","-0.4","6.03"
"471","596019","Francisco Lindor","2552","18.46","0.377","0.171","0.344","0.548","172","456","89.3","9.6","2141","88.96","88.65","0","471","null","-0.3","6.08"
"146","542454","Danny Santana","918","15.90","0.331","0.138","0.319","0.469","48","145","89.3","7.7","2201","88.65","88.19","0","146","null","-0.5","6.00"
"383","457803","Jay Bruce","2300","16.65","0.347","0.363","0.283","0.711","132","380","89.3","14.5","2168","88.71","88.16","0","383","null","-0.5","6.00"
"140","543216","Conor Gillaspie","695","20.14","0.324","0.194","0.296","0.518","45","139","89.3","13.6","2148","89.93","89.77","0","140","null","-0.1","6.18"
"116","608701","Rob Refsnyder","673","17.24","0.319","0.071","0.310","0.389","36","113","89.3","4.8","2235","89.28","88.94","0","116","null","-0.4","6.00"
"242","461235","Brandon Moss","1826","13.25","0.380","0.451","0.290","0.831","90","237","89.2","21.1","2128","88.67","88.63","0","242","null","-0.1","6.17"
"492","456030","Dustin Pedroia","2728","18.04","0.393","0.168","0.371","0.560","192","489","89.2","9.0","2202","89.13","88.63","0","492","null","-0.5","6.04"
"281","456715","Lorenzo Cain","1758","15.98","0.401","0.173","0.375","0.574","111","277","89.2","9.9","2214","88.94","88.72","0","281","null","-0.2","6.01"
"98","475247","Ryan Flaherty","700","14.00","0.320","0.165","0.295","0.485","31","97","89.2","5.3","2185","89.34","88.93","0","98","null","-0.4","6.09"
"283","541650","Hernan Perez","1529","18.51","0.380","0.219","0.344","0.599","106","279","89.2","13.5","2151","89.16","88.96","0","283","null","-0.2","6.16"
"397","571976","Wil Myers","2884","13.77","0.383","0.306","0.331","0.689","150","392","89.2","8.8","2190","89.22","88.89","0","397","null","-0.3","6.14"
"130","455759","Chris Young","857","15.17","0.431","0.346","0.388","0.777","56","130","89.2","17.2","2224","90.11","89.51","0","130","null","-0.6","5.99"
"121","572365","Ryan Goins","713","16.97","0.281","0.182","0.263","0.463","34","121","89.1","7.0","2135","88.20","87.36","0","121","null","-0.8","5.92"
"357","594807","Adam Duvall","2226","16.04","0.374","0.391","0.305","0.766","131","350","89.1","17.3","2163","88.60","88.16","0","357","null","-0.4","6.02"
"169","346874","Juan Uribe","933","18.11","0.289","0.181","0.253","0.470","48","166","89.1","9.2","2207","88.46","87.90","0","169","null","-0.6","5.96"
"251","595879","Javier Baez","1683","14.91","0.384","0.236","0.349","0.620","96","250","89.1","15.0","2182","88.74","88.47","0","251","null","-0.2","6.09"
"216","458675","Colby Rasmus","1680","12.86","0.324","0.258","0.269","0.582","69","213","89.1","17.5","2182","88.01","87.66","0","216","null","-0.3","6.08"
"152","572204","Trayce Thompson","1128","13.48","0.342","0.329","0.281","0.671","52","152","89.1","8.3","2186","88.93","88.54","0","152","null","-0.4","6.04"
"407","516770","Starlin Castro","2251","18.08","0.363","0.219","0.326","0.582","146","402","89.0","9.3","2241","88.04","87.49","0","407","null","-0.5","5.98"
"123","666560","ByungHo Park","1041","11.82","0.331","0.388","0.252","0.719","40","121","89.0","13.5","2242","89.09","88.39","0","123","null","-0.7","5.93"
"103","600303","Tommy La Stella","698","14.76","0.369","0.184","0.356","0.553","38","103","89.0","18.1","2207","88.80","88.42","0","103","null","-0.4","6.10"
"259","407893","Mark Teixeira","1780","14.55","0.300","0.237","0.254","0.537","77","257","89.0","11.7","2190","88.96","88.35","0","259","null","-0.6","5.99"
"150","643603","Tyler White","1176","12.76","0.322","0.255","0.282","0.577","48","149","89.0","11.9","2196","88.52","88.04","0","150","null","-0.5","6.06"
"136","571771","Enrique Hernandez","969","14.04","0.279","0.199","0.240","0.478","38","136","89.0","14.2","2206","89.58","89.11","0","136","null","-0.5","5.97"
"115","542194","Christian Bethancourt","751","15.31","0.386","0.237","0.349","0.623","44","114","88.9","10.0","2195","88.58","88.28","0","115","null","-0.3","6.11"
"405","572039","Stephen Piscotty","2480","16.33","0.370","0.266","0.332","0.635","149","403","88.8","13.6","2174","88.54","88.29","0","405","null","-0.2","6.08"
"446","461314","Matt Kemp","2434","18.32","0.382","0.329","0.319","0.712","166","434","88.8","14.2","2172","89.65","89.37","0","446","null","-0.2","6.13"
"419","572821","Brian Dozier","2803","14.95","0.373","0.405","0.302","0.778","155","415","88.8","16.1","2209","89.17","88.73","0","419","null","-0.5","6.05"
"215","543510","James McCann","1457","14.76","0.340","0.203","0.299","0.542","72","212","88.8","15.8","2149","87.99","87.62","0","215","null","-0.4","6.07"
"465","608070","Jose Ramirez","2428","19.15","0.377","0.184","0.359","0.562","174","461","88.8","12.8","2154","88.87","88.56","0","465","null","-0.3","6.08"
"379","475174","Yonder Alonso","1883","20.13","0.307","0.147","0.290","0.453","115","375","88.8","9.4","2140","88.80","88.60","0","379","null","-0.2","6.13"
"239","595281","Kevin Kiermaier","1612","14.83","0.332","0.223","0.301","0.555","79","238","88.8","10.6","2110","88.83","88.27","0","239","null","-0.5","6.07"
"92","570560","Yolmer Sanchez","613","15.01","0.293","0.250","0.261","0.543","27","92","88.8","15.8","2157","87.40","86.91","0","92","null","-0.5","5.99"
"173","493596","Gordon Beckham","1106","15.64","0.290","0.183","0.262","0.473","49","169","88.7","13.2","2193","89.18","88.64","0","173","null","-0.6","5.98"
"215","593160","Whit Merrifield","1258","17.09","0.397","0.159","0.390","0.556","85","214","88.7","12.8","2190","89.47","89.42","0","215","null","-0.1","6.11"
"519","514888","Jose Altuve","2482","20.91","0.396","0.240","0.362","0.637","203","512","88.7","11.4","2200","88.76","88.41","0","519","null","-0.4","6.09"
"206","519295","Jake Smolinski","1128","18.26","0.319","0.147","0.291","0.466","65","204","88.7","12.2","2158","87.65","87.46","0","206","null","-0.1","6.14"
"311","425834","Melvin Upton Jr.","2030","15.32","0.367","0.256","0.318","0.623","112","305","88.7","9.1","2215","89.22","88.84","0","311","null","-0.4","6.08"
"286","572008","Chris Owings","1624","17.61","0.363","0.187","0.351","0.549","103","284","88.6","11.9","2204","88.94","88.58","0","286","null","-0.3","6.05"
"412","408236","Adrian Gonzalez","2394","17.21","0.381","0.199","0.349","0.580","155","407","88.6","10.5","2201","89.57","89.15","0","412","null","-0.5","6.02"
"85","605137","Josh Bell","617","13.78","0.378","0.171","0.349","0.549","31","82","88.6","6.5","2085","88.48","88.52","0","85","null","0.0","6.28"
"379","588751","Adeiny Hechavarria","1982","19.12","0.293","0.093","0.285","0.386","110","376","88.6","9.1","2166","88.34","87.71","0","379","null","-0.6","5.99"
"374","608577","Nomar Mazara","2258","16.56","0.365","0.207","0.324","0.572","134","367","88.5","7.3","2144","87.67","87.39","0","374","null","-0.3","6.10"
"299","502210","Josh Reddick","1721","17.37","0.342","0.154","0.321","0.497","102","298","88.5","13.7","2162","88.51","88.18","0","299","null","-0.3","6.10"
"128","572191","Michael Taylor","892","14.35","0.394","0.252","0.355","0.646","50","127","88.5","8.5","2211","87.17","86.45","0","128","null","-0.7","5.87"
"117","545338","Nick Franklin","704","16.62","0.393","0.256","0.360","0.650","46","117","88.5","15.7","2125","88.55","88.06","0","117","null","-0.4","6.08"
"247","457727","Cameron Maybin","1514","16.31","0.427","0.146","0.416","0.573","105","246","88.5","4.6","2171","88.72","88.34","0","247","null","-0.4","6.09"
"309","446308","Matt Wieters","1684","18.35","0.327","0.229","0.284","0.556","100","306","88.5","16.0","2161","89.49","88.99","0","309","null","-0.5","6.04"
"254","607054","Jace Peterson","1607","15.81","0.343","0.155","0.320","0.498","86","251","88.5","5.3","2175","89.76","89.45","0","254","null","-0.3","6.11"
"116","571437","Aaron Altherr","929","12.49","0.336","0.155","0.313","0.491","39","116","88.5","4.8","2210","90.22","90.05","0","116","null","-0.2","6.22"
"373","546318","Odubel Herrera","2643","14.11","0.394","0.202","0.366","0.596","146","371","88.5","12.6","2153","88.91","88.60","0","373","null","-0.3","6.12"
"284","451594","Dexter Fowler","2429","11.69","0.407","0.271","0.373","0.679","114","280","88.4","13.7","2172","90.10","89.64","0","284","null","-0.5","6.06"
"150","434563","Carlos Ruiz","994","15.09","0.340","0.113","0.327","0.453","51","150","88.4","13.1","2191","89.91","89.51","0","150","null","-0.4","6.11"
"380","434158","Curtis Granderson","2692","14.12","0.339","0.328","0.277","0.667","127","375","88.4","17.6","2191","90.00","89.60","0","380","null","-0.4","6.11"
"133","457706","Austin Jackson","862","15.43","0.321","0.107","0.316","0.427","42","131","88.4","13.2","2174","87.98","87.33","0","133","null","-0.7","5.94"
"199","425796","Jeff Francoeur","1246","15.97","0.393","0.179","0.368","0.571","77","196","88.4","8.5","2205","88.94","88.34","0","199","null","-0.6","5.97"
"124","606115","Orlando Arcia","793","15.64","0.298","0.202","0.275","0.500","37","124","88.4","5.2","2106","88.74","88.58","0","124","null","-0.1","6.15"
"145","621311","David Dahl","915","15.85","0.455","0.276","0.428","0.731","66","145","88.4","11.1","2177","88.01","87.96","0","145","null","0.0","6.10"
"228","488721","Peter Bourjos","1332","17.12","0.370","0.220","0.354","0.590","84","227","88.4","6.3","2228","88.90","88.50","0","228","null","-0.4","6.04"
"126","477165","Brett Wallace","1093","11.53","0.328","0.224","0.292","0.552","41","125","88.4","8.7","2121","90.04","89.86","0","126","null","-0.1","6.12"
"142","519208","Clint Robinson","857","16.57","0.299","0.117","0.268","0.416","41","137","88.3","12.2","2170","90.56","90.14","0","142","null","-0.5","6.09"
"212","430637","Kelly Johnson","1253","16.92","0.348","0.210","0.312","0.557","73","210","88.3","11.4","2197","89.99","89.56","0","212","null","-0.4","6.08"
"75","546991","Albert Almora Jr.","394","19.04","0.320","0.213","0.292","0.533","24","75","88.3","10.2","2176","90.16","90.25","0","75","null","0.0","6.30"
"417","425877","Yadier Molina","2072","20.13","0.371","0.154","0.357","0.525","154","415","88.3","11.5","2150","89.08","88.85","0","417","null","-0.2","6.12"
"174","518614","Daniel Descalso","1159","15.01","0.365","0.218","0.329","0.582","62","170","88.3","10.7","2172","90.03","90.15","0","174","null","0.2","6.16"
"175","472528","Luis Valbuena","1487","11.77","0.399","0.318","0.350","0.717","69","173","88.3","14.7","2147","87.93","87.72","0","175","null","-0.2","6.15"
"262","448602","Mark Reynolds","1827","14.34","0.415","0.242","0.382","0.658","108","260","88.3","11.4","2231","88.92","88.76","0","262","null","-0.1","5.97"
"275","460086","Alex Gordon","2126","12.94","0.343","0.255","0.298","0.599","94","274","88.3","15.3","2170","88.69","88.34","0","275","null","-0.4","6.05"
"76","474233","Hank Conger","573","13.26","0.316","0.197","0.288","0.513","24","76","88.3","12.5","2169","89.27","88.99","0","76","null","-0.3","6.15"
"160","575929","Willson Contreras","1127","14.20","0.377","0.314","0.324","0.692","60","159","88.3","8.8","2176","88.12","87.86","0","160","null","-0.2","6.17"
"390","543760","Marcus Semien","2585","15.09","0.332","0.280","0.281","0.612","129","389","88.3","15.6","2203","87.22","87.03","0","390","null","-0.2","6.11"
"124","541608","Ramon Cabrera","648","19.14","0.322","0.157","0.298","0.479","39","121","88.3","12.4","2131","89.80","89.53","0","124","null","-0.3","6.13"
"113","596143","Luis Sardinas","751","15.05","0.345","0.142","0.327","0.487","39","113","88.3","9.0","2217","89.01","88.69","0","113","null","-0.3","6.11"
"116","571757","Jeremy Hazelbaker","826","14.04","0.365","0.426","0.288","0.791","42","115","88.2","11.5","2152","88.52","88.14","0","116","null","-0.4","6.04"
"327","547982","Leonys Martin","2232","14.65","0.369","0.209","0.330","0.578","118","320","88.2","12.4","2150","89.05","88.51","0","327","null","-0.5","6.01"
"351","518960","Jonathan Lucroy","2209","15.89","0.401","0.282","0.354","0.683","139","347","88.2","14.9","2177","89.34","89.02","0","351","null","-0.3","6.11"
"484","445988","Martin Prado","2561","18.90","0.367","0.138","0.353","0.505","176","479","88.2","8.5","2165","89.61","89.07","0","484","null","-0.5","6.06"
"338","608365","Addison Russell","2336","14.47","0.343","0.280","0.293","0.623","114","332","88.2","15.9","2164","89.06","88.75","0","338","null","-0.3","6.10"
"132","608324","Alex Bregman","839","15.73","0.374","0.321","0.331","0.695","49","131","88.2","15.5","2192","89.27","88.95","0","132","null","-0.4","6.10"
"154","457477","Alejandro De Aza","1087","14.17","0.294","0.176","0.264","0.471","45","153","88.2","16.0","2200","90.42","89.97","0","154","null","-0.4","6.10"
"260","641313","Tim Anderson","1596","16.29","0.417","0.232","0.394","0.649","108","259","88.2","7.8","2197","88.14","87.86","0","260","null","-0.2","6.08"
"354","400284","Chase Utley","2224","15.92","0.346","0.201","0.318","0.547","122","353","88.1","12.2","2162","89.10","88.71","0","354","null","-0.4","6.06"
"275","425766","James Loney","1248","22.04","0.318","0.161","0.293","0.478","87","274","88.1","10.3","2149","90.00","89.82","0","275","null","-0.2","6.18"
"277","576397","Jedd Gyorko","1700","16.29","0.337","0.355","0.258","0.692","93","276","88.1","15.4","2147","88.99","88.90","0","277","null","-0.1","6.14"
"219","592696","Eddie Rosario","1317","16.63","0.409","0.237","0.375","0.647","88","215","88.1","9.4","2196","87.80","87.38","0","219","null","-0.4","6.07"
"432","453568","Charlie Blackmon","2616","16.51","0.418","0.306","0.372","0.724","179","428","88.1","13.8","2174","88.94","88.85","0","432","null","0.0","6.06"
"89","460269","Chris Gimenez","592","15.03","0.330","0.182","0.294","0.511","29","88","88.1","9.1","2224","89.98","89.70","0","89","null","-0.3","6.09"
"142","595963","Tyler Goeddel","904","15.71","0.284","0.149","0.261","0.433","40","141","88.1","6.0","2176","89.95","89.68","0","142","null","-0.3","6.16"
"101","501571","Juan Lagares","644","15.68","0.330","0.200","0.306","0.530","33","100","88.0","12.0","2189","88.72","88.35","0","101","null","-0.3","6.07"
"251","519083","Derek Norris","1901","13.20","0.298","0.234","0.253","0.532","74","248","88.0","16.3","2210","89.92","89.60","0","251","null","-0.3","6.10"
"256","467827","Gerardo Parra","1313","19.50","0.323","0.197","0.304","0.520","82","254","88.0","6.5","2163","88.59","88.42","0","256","null","-0.2","6.04"
"200","150229","A.J. Pierzynski","825","24.24","0.258","0.101","0.247","0.359","51","198","87.9","7.9","2187","88.98","88.36","0","200","null","-0.6","5.93"
"122","457775","Desmond Jennings","893","13.66","0.322","0.248","0.278","0.570","39","121","87.9","11.0","2243","88.33","87.86","0","122","null","-0.4","6.06"
"157","458085","Chris Coghlan","1191","13.18","0.282","0.199","0.252","0.481","44","156","87.9","8.7","2148","88.79","88.52","0","157","null","-0.3","6.13"
"203","493193","Dae-Ho Lee","1271","15.97","0.355","0.251","0.307","0.606","72","203","87.9","6.7","2166","89.02","88.51","0","203","null","-0.5","6.01"
"335","516782","Starling Marte","1991","16.83","0.403","0.200","0.388","0.603","135","335","87.9","10.0","2168","89.61","89.48","0","335","null","-0.1","6.14"
"134","455117","Martin Maldonado","999","13.41","0.293","0.233","0.246","0.526","39","133","87.9","12.4","2174","88.93","88.69","0","134","null","-0.2","6.15"
"221","425509","Jhonny Peralta","1210","18.26","0.344","0.197","0.315","0.541","75","218","87.9","14.3","2168","90.91","90.93","0","221","null","0.0","6.26"
"147","542908","Jett Bandy","847","17.36","0.329","0.224","0.281","0.552","47","143","87.8","22.4","2248","89.34","88.95","0","147","null","-0.4","6.02"
"414","570731","Jonathan Schoop","2231","18.56","0.359","0.265","0.318","0.624","148","412","87.8","11.6","2200","89.02","88.54","0","414","null","-0.5","6.03"
"194","605113","Nick Ahmed","1045","18.56","0.309","0.120","0.289","0.429","59","191","87.8","10.1","2202","88.96","88.58","0","194","null","-0.4","6.02"
"238","460576","Carlos Gomez","1740","13.68","0.340","0.265","0.302","0.605","81","238","87.8","8.8","2144","87.86","87.71","0","238","null","-0.2","6.15"
"271","435559","Kurt Suzuki","1336","20.28","0.326","0.184","0.300","0.509","87","267","87.8","14.2","2224","89.72","89.20","0","271","null","-0.5","6.02"
"111","543877","Christian Vazquez","747","14.86","0.333","0.117","0.327","0.450","37","111","87.8","1.3","2177","87.77","87.05","0","111","null","-0.7","5.94"
"405","462101","Elvis Andrus","2083","19.44","0.367","0.173","0.348","0.540","146","398","87.7","9.2","2196","88.75","88.54","0","405","null","-0.2","6.15"
"409","607680","Kevin Pillar","2124","19.26","0.333","0.148","0.318","0.480","135","406","87.6","8.4","2243","88.34","87.67","0","409","null","-0.6","6.01"
"135","463610","Gregorio Petit","804","16.79","0.343","0.149","0.331","0.493","46","134","87.6","8.5","2083","88.09","87.54","0","135","null","-0.6","5.90"
"216","446386","Brandon Guyer","1210","17.85","0.344","0.214","0.314","0.558","74","215","87.6","13.8","2179","89.10","88.69","0","216","null","-0.4","6.09"
"309","493114","Norichika Aoki","1688","18.31","0.344","0.143","0.334","0.487","106","308","87.6","4.4","2145","88.42","87.98","0","309","null","-0.4","6.04"
"381","520471","Freddy Galvis","2365","16.11","0.345","0.231","0.307","0.576","130","377","87.6","13.2","2149","89.01","88.77","0","381","null","-0.2","6.17"
"455","435079","Ian Kinsler","2545","17.88","0.376","0.252","0.336","0.628","170","452","87.5","18.1","2194","88.37","87.94","0","455","null","-0.5","6.06"
"163","543228","Yan Gomes","913","17.85","0.261","0.248","0.214","0.509","42","161","87.5","14.2","2195","89.02","88.55","0","163","null","-0.5","5.99"
"260","622110","Matt Duffy","1411","18.43","0.320","0.113","0.305","0.434","82","256","87.5","7.8","2211","89.56","89.30","0","260","null","-0.3","6.11"
"100","506560","Alexi Amarista","568","17.61","0.364","0.020","0.360","0.384","36","99","87.5","10.1","2158","89.28","88.91","0","100","null","-0.4","6.12"
"329","452104","Chase Headley","2093","15.72","0.352","0.191","0.317","0.543","114","324","87.5","11.1","2155","88.44","87.95","0","329","null","-0.4","6.05"
"110","592261","Delino DeShields","829","13.27","0.294","0.165","0.264","0.459","32","109","87.4","6.7","2102","89.18","88.91","0","110","null","-0.3","6.10"
"415","453056","Jacoby Ellsbury","2331","17.80","0.345","0.148","0.328","0.493","142","412","87.4","10.5","2171","89.03","88.44","0","415","null","-0.6","5.98"
"223","543939","Kolten Wong","1375","16.22","0.317","0.151","0.297","0.468","69","218","87.4","11.4","2133","89.19","88.86","0","223","null","-0.3","6.05"
"354","474832","Brandon Belt","2721","13.01","0.409","0.294","0.374","0.703","143","350","87.4","20.2","2161","89.06","88.80","0","354","null","-0.3","6.12"
"98","424325","David Ross","851","11.52","0.366","0.387","0.276","0.753","34","93","87.4","17.6","2205","89.13","88.77","0","98","null","-0.3","6.08"
"368","518792","Jason Heyward","2281","16.13","0.308","0.134","0.294","0.441","113","367","87.4","11.9","2187","91.05","90.86","0","368","null","-0.1","6.18"
"295","581527","Devon Travis","1726","17.09","0.398","0.204","0.375","0.602","117","294","87.3","11.1","2209","88.75","88.28","0","295","null","-0.5","6.10"
"178","593871","Jorge Polanco","1062","16.76","0.371","0.194","0.351","0.566","65","175","87.3","16.5","2172","89.51","89.23","0","178","null","-0.3","6.14"
"80","502317","Chris Heisey","636","12.58","0.329","0.367","0.250","0.696","26","79","87.3","17.9","2176","88.01","87.43","0","80","null","-0.6","5.91"
"372","514917","Cesar Hernandez","2427","15.33","0.378","0.135","0.368","0.514","140","370","87.3","5.6","2138","89.90","89.51","0","372","null","-0.4","6.12"
"208","573135","Tyler Saladino","1236","16.83","0.395","0.185","0.365","0.580","81","205","87.2","8.4","2186","89.87","89.55","0","208","null","-0.4","6.12"
"127","460099","Nolan Reimold","964","13.17","0.349","0.230","0.314","0.579","44","126","87.2","13.8","2198","89.34","88.85","0","127","null","-0.5","6.06"
"320","571697","Scooter Gennett","2069","15.47","0.365","0.214","0.333","0.579","116","318","87.2","13.9","2120","88.59","88.42","0","320","null","-0.2","6.16"
"130","454560","A.J. Ellis","778","16.71","0.279","0.109","0.266","0.388","36","129","87.1","13.9","2139","89.91","89.54","0","130","null","-0.4","6.05"
"122","519222","Austin Romine","626","19.49","0.311","0.160","0.286","0.471","37","119","87.1","8.0","2175","86.92","86.47","0","122","null","-0.4","5.95"
"381","474568","Jordy Mercer","2291","16.63","0.326","0.162","0.304","0.488","123","377","87.1","10.0","2214","89.52","89.31","0","381","null","-0.2","6.11"
"92","543376","Caleb Joseph","575","16.00","0.228","0.033","0.228","0.261","21","92","87.0","13.6","2168","88.70","88.22","0","92","null","-0.5","6.06"
"292","431094","Aaron Hill","1667","17.52","0.323","0.153","0.294","0.476","93","288","87.0","16.6","2217","88.70","88.28","0","292","null","-0.4","6.08"
"174","545350","Jake Marisnick","1132","15.37","0.306","0.179","0.288","0.486","53","173","86.9","10.6","2201","87.99","87.52","0","174","null","-0.5","6.04"
"374","592743","Andrelton Simmons","1584","23.61","0.316","0.097","0.305","0.414","117","370","86.9","3.8","2185","88.87","88.52","0","374","null","-0.4","6.02"
"439","408252","Brandon Phillips","2092","20.98","0.356","0.157","0.334","0.513","154","433","86.9","9.9","2172","89.04","88.66","0","439","null","-0.3","6.09"
"376","553993","Eugenio Suarez","2594","14.49","0.367","0.239","0.329","0.606","137","373","86.9","15.2","2181","89.90","89.55","0","376","null","-0.4","6.07"
"393","458731","Brett Gardner","2591","15.17","0.342","0.141","0.326","0.483","133","389","86.9","6.6","2160","88.33","87.66","0","393","null","-0.6","5.95"
"359","543281","Josh Harrison","1896","18.93","0.342","0.142","0.327","0.484","120","351","86.9","14.3","2208","88.54","88.35","0","359","null","-0.2","6.11"
"156","471083","Miguel Montero","1134","13.76","0.318","0.201","0.282","0.519","49","154","86.8","13.2","2172","89.29","88.92","0","156","null","-0.4","6.03"
"111","542455","Oswaldo Arcia","923","12.03","0.355","0.291","0.301","0.645","39","110","86.8","12.6","2134","88.66","88.13","0","111","null","-0.6","6.02"
"319","434658","Rajai Davis","1837","17.37","0.338","0.199","0.309","0.536","107","317","86.8","13.4","2159","88.06","87.63","0","319","null","-0.5","5.97"
"161","506702","Sandy Leon","1196","13.46","0.434","0.239","0.403","0.673","69","159","86.8","12.4","2158","89.14","88.72","0","161","null","-0.4","6.09"
"144","594838","Phil Gosselin","856","16.82","0.373","0.141","0.359","0.514","53","142","86.8","7.7","2206","89.36","89.03","0","144","null","-0.4","6.05"
"182","595777","Jurickson Profar","1307","13.93","0.341","0.148","0.322","0.489","62","182","86.8","7.7","2138","89.29","89.19","0","182","null","-0.1","6.21"
"218","543257","Robbie Grossman","1635","13.33","0.417","0.248","0.386","0.665","91","218","86.7","12.4","2083","88.74","88.31","0","218","null","-0.4","6.07"
"417","544369","Didi Gregorius","2067","20.17","0.350","0.233","0.312","0.583","144","412","86.6","13.2","2167","88.94","88.44","0","417","null","-0.5","6.00"
"233","527038","Wilmer Flores","1341","17.38","0.352","0.261","0.303","0.613","81","230","86.6","17.3","2229","89.17","88.94","0","233","null","-0.3","6.14"
"284","502082","Lonnie Chisenhall","1590","17.86","0.379","0.211","0.355","0.589","106","280","86.6","15.8","2182","89.56","89.32","0","284","null","-0.3","6.12"
"225","465041","Francisco Cervelli","1596","14.10","0.348","0.072","0.339","0.421","77","221","86.6","7.5","2196","90.43","90.31","0","225","null","-0.1","6.20"
"132","592200","Curt Casali","1066","12.38","0.318","0.258","0.274","0.576","42","132","86.6","17.3","2203","89.92","89.54","0","132","null","-0.4","6.11"
"345","446359","Zack Cozart","1898","18.18","0.319","0.222","0.283","0.541","109","342","86.6","13.9","2181","89.38","88.96","0","345","null","-0.4","6.03"
"348","605412","Joe Panik","1978","17.59","0.289","0.157","0.268","0.446","99","343","86.6","13.1","2145","89.23","89.01","0","348","null","-0.2","6.13"
"95","518568","Christian Colon","600","15.83","0.347","0.095","0.340","0.442","33","95","86.6","5.6","2136","89.95","89.68","0","95","null","-0.3","6.09"
"120","425784","Rene Rivera","754","15.92","0.339","0.186","0.298","0.525","40","118","86.5","9.1","2189","89.26","88.90","0","120","null","-0.4","6.09"
"170","485567","Ezequiel Carrera","1245","13.65","0.357","0.173","0.329","0.530","60","168","86.5","3.4","2169","89.87","89.28","0","170","null","-0.6","6.09"
"130","605125","Cody Asche","914","14.22","0.333","0.217","0.310","0.550","43","129","86.4","13.4","2056","88.49","88.33","0","130","null","-0.2","6.14"
"80","489365","Josh Thole","544","14.71","0.244","0.077","0.228","0.321","19","78","86.4","12.4","2196","90.20","89.75","0","80","null","-0.4","6.09"
"266","444379","John Jaso","1697","15.67","0.358","0.204","0.337","0.562","95","265","86.4","8.6","2174","90.11","90.10","0","266","null","0.0","6.18"
"87","455139","Robinson Chirinos","693","12.55","0.341","0.435","0.256","0.776","29","85","86.3","14.5","2152","88.00","87.69","0","87","null","-0.3","6.07"
"204","571788","Brock Holt","1406","14.51","0.353","0.184","0.325","0.537","71","201","86.3","7.9","2170","88.60","87.93","0","204","null","-0.7","5.97"
"282","571466","Tucker Barnhart","1510","18.68","0.333","0.161","0.313","0.495","93","279","86.3","10.0","2107","89.39","88.99","0","282","null","-0.4","6.07"
"205","446381","Darwin Barney","1145","17.90","0.345","0.143","0.328","0.488","70","203","86.3","9.3","2230","88.39","87.95","0","205","null","-0.4","6.09"
"418","452655","Denard Span","2449","17.07","0.329","0.154","0.310","0.483","137","416","86.2","8.3","2193","90.01","89.85","0","418","null","-0.1","6.19"
"87","608061","T.J. Rivera","398","21.86","0.422","0.181","0.381","0.602","35","83","86.2","12.1","2232","89.11","88.73","0","87","null","-0.4","6.12"
"256","476704","Jed Lowrie","1420","18.03","0.324","0.079","0.315","0.403","82","253","86.2","12.1","2099","86.90","86.77","0","256","null","-0.1","6.12"
"196","608671","Travis Jankowski","1560","12.56","0.367","0.117","0.361","0.485","72","196","86.2","2.4","2138","89.88","89.62","0","196","null","-0.3","6.15"
"361","519390","Stephen Vogt","2124","17.00","0.324","0.207","0.294","0.531","116","358","86.2","17.5","2162","87.33","87.17","0","361","null","-0.1","6.11"
"253","445055","Jon Jay","1421","17.80","0.383","0.134","0.378","0.518","97","253","86.1","6.9","2161","88.94","88.50","0","253","null","-0.4","6.05"
"374","434636","Angel Pagan","2117","17.67","0.334","0.183","0.309","0.518","124","371","86.1","12.4","2151","89.64","89.43","0","374","null","-0.2","6.18"
"176","572073","Joey Rickard","1221","14.41","0.356","0.155","0.333","0.511","62","174","86.1","13.7","2201","89.69","89.03","0","176","null","-0.7","5.96"
"121","518649","Brett Eibner","823","14.70","0.300","0.250","0.261","0.550","36","120","86.0","15.5","2225","88.22","88.13","0","121","null","-0.1","6.10"
"108","408299","Omar Infante","526","20.53","0.288","0.106","0.278","0.394","30","104","86.0","13.3","2209","89.09","88.88","0","108","null","-0.2","6.09"
"108","605480","Mallex Smith","787","13.72","0.355","0.224","0.333","0.579","38","107","86.0","3.4","2214","89.99","89.39","0","108","null","-0.6","5.99"
"134","542364","Rafael Ortega","724","18.51","0.261","0.067","0.256","0.328","35","134","86.0","7.2","2139","88.86","88.32","0","134","null","-0.6","5.96"
"268","543213","Johnny Giavotella","1221","21.95","0.321","0.140","0.304","0.460","85","265","86.0","11.1","2186","88.67","88.16","0","268","null","-0.5","5.99"
"255","500871","Eduardo Escobar","1413","18.05","0.319","0.142","0.301","0.461","81","254","85.9","14.4","2140","88.69","88.27","0","255","null","-0.4","6.07"
"303","606466","Ketel Marte","1766","17.16","0.337","0.094","0.328","0.431","100","297","85.9","7.2","2143","88.43","88.04","0","303","null","-0.4","6.05"
"229","518618","Derek Dietrich","1609","14.23","0.407","0.226","0.383","0.633","92","226","85.8","12.9","2063","88.35","87.84","0","229","null","-0.6","6.06"
"385","542255","Ender Inciarte","2094","18.39","0.363","0.115","0.356","0.478","139","383","85.8","8.2","2185","89.40","88.84","0","385","null","-0.6","5.98"
"146","594824","Greg Garcia","1045","13.97","0.366","0.131","0.350","0.497","53","145","85.8","8.2","2120","89.59","89.41","0","146","null","-0.2","6.15"
"174","408314","Jose Reyes","1067","16.31","0.387","0.260","0.355","0.647","67","173","85.8","14.7","2186","89.41","89.01","0","174","null","-0.4","6.12"
"115","518542","Juan Centeno","743","15.48","0.348","0.200","0.330","0.548","40","115","85.8","7.7","2099","89.77","89.48","0","115","null","-0.3","6.13"
"106","624428","Adam Frazier","625","16.96","0.387","0.151","0.375","0.538","41","106","85.7","10.1","2197","89.58","89.48","0","106","null","-0.1","6.14"
"83","592407","Bryan Holaday","503","16.50","0.333","0.185","0.309","0.519","27","81","85.7","22.8","2213","88.22","88.06","0","83","null","-0.1","6.12"
"151","435064","Bobby Wilson","937","16.12","0.354","0.184","0.313","0.537","52","147","85.7","12.6","2152","88.25","87.89","0","151","null","-0.3","6.11"
"332","424825","Coco Crisp","1899","17.48","0.288","0.212","0.259","0.500","95","330","85.6","14.1","2128","89.02","88.94","0","332","null","-0.1","6.19"
"124","449107","Mike Aviles","673","18.42","0.252","0.081","0.246","0.333","31","123","85.6","7.4","2200","87.77","87.48","0","124","null","-0.3","6.07"
"83","502100","Alex Presley","555","14.95","0.293","0.134","0.263","0.427","24","82","85.6","7.7","2073","89.53","89.20","0","83","null","-0.3","6.08"
"158","453923","Gregor Blanco","1077","14.67","0.299","0.121","0.293","0.420","47","157","85.5","13.9","2178","89.38","89.20","0","158","null","-0.2","6.14"
"125","591720","Ronald Torreyes","563","22.20","0.315","0.145","0.306","0.460","39","124","85.5","2.5","2183","88.84","88.13","0","125","null","-0.7","5.97"
"187","606299","Jose Peraza","895","20.89","0.391","0.114","0.375","0.505","72","184","85.4","10.6","2191","89.77","89.32","0","187","null","-0.5","6.06"
"122","519333","Matt Szczur","760","16.05","0.311","0.197","0.282","0.508","38","122","85.4","16.1","2116","88.42","88.12","0","122","null","-0.3","6.11"
"133","547172","Tony Wolters","876","15.18","0.368","0.203","0.354","0.571","49","133","85.3","9.6","2178","90.05","90.06","0","133","null","0.0","6.11"
"160","488818","Chase d'Arnaud","977","16.38","0.357","0.134","0.346","0.490","56","157","85.3","11.6","2243","89.63","89.19","0","160","null","-0.4","6.01"
"104","460060","Cliff Pennington","760","13.68","0.327","0.163","0.307","0.490","34","104","85.2","12.5","2188","88.57","88.20","0","104","null","-0.4","6.02"
"208","425900","Dioner Navarro","1346","15.45","0.293","0.156","0.271","0.449","60","205","85.2","15.9","2126","87.62","87.23","0","208","null","-0.4","6.06"
"235","456422","Michael Bourn","1638","14.35","0.365","0.172","0.348","0.536","85","233","85.2","10.2","2196","90.28","89.91","0","235","null","-0.4","6.08"
"289","430947","Erick Aybar","1650","17.52","0.305","0.105","0.294","0.411","87","285","85.1","7.5","2136","89.84","89.45","0","289","null","-0.3","6.07"
"79","460077","Drew Butera","545","14.50","0.418","0.304","0.387","0.722","33","79","85.1","13.6","2224","89.78","89.82","0","79","null","0.0","6.19"
"103","276519","Jimmy Rollins","691","14.91","0.304","0.157","0.287","0.461","31","102","85.0","10.5","2154","87.84","87.19","0","103","null","-0.6","6.02"
"77","643393","Tony Kemp","503","15.31","0.303","0.145","0.289","0.447","23","76","85.0","12.2","2154","89.90","89.54","0","77","null","-0.4","6.11"
"80","571970","Max Muncy","555","14.41","0.263","0.100","0.244","0.363","21","80","84.9","11.0","2109","88.81","89.16","0","80","null","0.4","6.24"
"176","543776","J.B. Shuck","824","21.36","0.257","0.120","0.238","0.377","45","175","84.9","7.2","2176","89.29","89.11","0","176","null","-0.2","6.14"
"187","542208","Carlos Perez","1037","18.03","0.281","0.151","0.262","0.432","52","185","84.9","13.2","2205","89.21","88.92","0","187","null","-0.3","6.06"
"376","493351","Alexei Ramirez","1839","20.45","0.299","0.112","0.286","0.412","112","374","84.7","6.8","2238","89.41","88.98","0","376","null","-0.4","6.07"
"175","570717","Ramon Flores","1208","14.49","0.292","0.082","0.277","0.374","50","171","84.7","10.6","2139","88.94","88.67","0","175","null","-0.2","6.11"
"79","553882","Omar Narvaez","460","17.17","0.325","0.091","0.308","0.416","25","77","84.7","14.1","2161","90.01","89.78","0","79","null","-0.2","6.12"
"213","502481","Jarrod Dyson","1209","17.62","0.335","0.127","0.330","0.462","71","212","84.6","4.2","2148","89.41","89.16","0","213","null","-0.2","6.07"
"253","400085","Ichiro Suzuki","1448","17.47","0.355","0.108","0.349","0.462","89","251","84.5","6.8","2164","88.25","87.51","0","253","null","-0.7","5.96"
"116","502523","Shawn O'Malley","903","12.85","0.302","0.164","0.289","0.466","35","116","84.3","9.6","2055","88.78","88.36","0","116","null","-0.4","6.04"
"122","623143","Trevor Brown","686","17.78","0.328","0.180","0.299","0.508","40","122","84.2","13.3","2201","89.95","89.67","0","122","null","-0.3","6.07"
"89","608700","Kevin Plawecki","568","15.67","0.270","0.101","0.261","0.371","24","89","84.2","0.8","2181","89.10","88.75","0","89","null","-0.4","6.12"
"158","474443","Ivan De Jesus Jr.","992","15.93","0.338","0.070","0.331","0.408","53","157","84.2","6.2","2152","89.46","89.00","0","158","null","-0.5","6.07"
"115","534627","Tyler Holt","859","13.39","0.319","0.088","0.316","0.407","36","113","84.1","6.6","2139","88.81","88.35","0","115","null","-0.4","6.02"
"91","593495","Daniel Castro","531","17.14","0.253","0.011","0.253","0.264","23","91","84.0","5.2","2183","88.51","87.96","0","91","null","-0.5","6.02"
"475","444876","Alcides Escobar","2459","19.32","0.326","0.119","0.312","0.445","153","470","84.0","10.1","2197","88.48","88.23","0","475","null","-0.3","6.06"
"150","500743","Miguel Rojas","817","18.36","0.324","0.101","0.315","0.426","48","148","83.9","6.5","2142","89.05","88.50","0","150","null","-0.6","6.02"
"118","461865","Andrew Romine","732","16.12","0.322","0.127","0.310","0.449","38","118","83.8","7.8","2128","89.32","89.09","0","118","null","-0.2","6.14"
"158","542436","Cristhian Adames","981","16.11","0.272","0.114","0.263","0.386","43","158","83.8","2.1","2185","89.52","89.25","0","158","null","-0.3","5.99"
"285","519184","Ben Revere","1346","21.17","0.233","0.102","0.226","0.336","66","283","83.7","6.1","2202","90.17","89.95","0","285","null","-0.3","6.11"
"352","578428","Jose Iglesias","1991","17.68","0.295","0.103","0.284","0.398","103","349","83.6","8.5","2244","87.96","87.53","0","352","null","-0.5","6.03"
"79","518700","Eric Fryer","547","14.44","0.390","0.052","0.380","0.442","30","77","83.3","8.6","2155","90.15","89.86","0","79","null","-0.3","6.04"
"268","571740","Billy Hamilton","1770","15.14","0.326","0.112","0.317","0.438","87","267","83.1","10.7","2118","89.86","89.49","0","268","null","-0.4","6.02"
"220","542993","Billy Burns","1087","20.24","0.289","0.078","0.286","0.367","63","218","82.8","7.0","2155","87.52","87.20","0","220","null","-0.3","6.07"
"234","543829","Dee Gordon","1274","18.37","0.313","0.094","0.309","0.408","73","233","82.5","4.5","2172","88.39","87.75","0","234","null","-0.7","6.01"